account_key,status,join_date,cancel_date,days_to_cancel,is_udacity,is_canceled
448,canceled,2014-11-10,2015-01-14,65,True,True
448,canceled,2014-11-05,2014-11-10,5,True,True
448,canceled,2015-01-27,2015-01-27,0,True,True
448,canceled,2014-11-10,2014-11-10,0,True,True
448,current,2015-03-10,,,True,False
448,canceled,2015-01-14,2015-01-27,13,True,True
448,canceled,2015-01-27,2015-03-10,42,True,True
448,canceled,2015-01-27,2015-01-27,0,True,True
448,canceled,2015-01-27,2015-01-27,0,True,True
700,canceled,2014-11-10,2014-11-16,6,False,True
429,canceled,2014-11-10,2015-03-10,120,False,True
429,canceled,2015-03-10,2015-06-17,99,False,True
60,canceled,2014-11-10,2015-01-14,65,False,True
60,canceled,2015-01-14,2015-04-01,77,False,True
60,current,2015-04-01,,,False,False
1300,canceled,2014-11-10,2014-11-16,6,False,True
369,current,2014-11-10,,,False,False
322,canceled,2014-11-10,2015-02-02,84,False,True
322,canceled,2015-02-12,2015-02-12,0,False,True
322,canceled,2015-02-12,2015-03-10,26,False,True
322,current,2015-03-10,,,False,False
336,current,2014-11-10,,,False,False
553,current,2014-11-10,,,False,False
584,canceled,2014-11-10,2015-01-14,65,False,True
584,canceled,2015-01-14,2015-03-10,55,False,True
584,current,2015-03-10,,,False,False
1006,canceled,2014-11-10,2014-11-17,7,False,True
458,canceled,2014-11-10,2015-04-01,142,False,True
458,canceled,2015-04-04,2015-04-06,2,False,True
458,current,2015-04-06,,,False,False
1058,canceled,2014-11-10,2015-01-14,65,False,True
1058,canceled,2015-01-14,2015-03-10,55,False,True
1058,current,2015-03-10,,,False,False
206,current,2014-11-10,,,False,False
45,canceled,2014-11-10,2015-03-10,120,False,True
45,current,2015-03-10,,,False,False
315,canceled,2014-11-10,2015-05-17,188,False,True
604,current,2014-11-10,,,False,False
204,current,2014-11-10,,,False,False
408,canceled,2014-11-10,2015-03-10,120,False,True
408,canceled,2015-03-10,2015-04-01,22,False,True
408,canceled,2015-04-01,2015-04-17,16,False,True
51,canceled,2014-11-10,2015-03-10,120,False,True
51,canceled,2015-03-10,2015-06-17,99,False,True
323,canceled,2014-11-10,2015-04-17,158,False,True
568,current,2014-11-10,,,False,False
130,canceled,2014-11-10,2015-03-10,120,False,True
130,canceled,2015-03-10,2015-04-01,22,False,True
130,canceled,2015-04-01,2015-06-17,77,False,True
550,canceled,2014-11-10,2015-05-02,173,False,True
550,canceled,2015-05-28,2015-07-04,37,False,True
44,canceled,2014-11-10,2015-03-10,120,False,True
44,current,2015-03-10,,,False,False
1020,canceled,2014-11-10,2014-11-15,5,False,True
838,canceled,2014-11-10,2014-11-11,1,False,True
198,current,2014-11-10,,,False,False
368,current,2014-11-10,,,False,False
440,canceled,2014-11-11,2015-02-18,99,False,True
675,canceled,2014-11-11,2014-11-16,5,False,True
57,canceled,2014-11-11,2015-02-18,99,False,True
57,current,2015-05-06,,,False,False
1090,canceled,2014-11-11,2014-11-26,15,False,True
541,canceled,2014-11-12,2015-06-19,219,False,True
756,canceled,2014-11-12,2014-11-15,3,False,True
756,canceled,2014-11-15,2015-01-15,61,False,True
1219,canceled,2014-11-12,2014-11-12,0,False,True
101,canceled,2014-11-12,2015-04-20,159,False,True
1021,canceled,2014-11-12,2014-11-17,5,False,True
1108,canceled,2014-11-12,2014-11-16,4,False,True
800,canceled,2014-11-12,2014-11-14,2,False,True
800,canceled,2015-03-04,2015-05-11,68,False,True
702,canceled,2014-11-13,2014-11-15,2,False,True
702,canceled,2014-11-15,2015-01-14,60,False,True
702,canceled,2015-01-14,2015-03-10,55,False,True
702,current,2015-03-10,,,False,False
871,canceled,2014-11-13,2014-11-13,0,False,True
38,current,2014-11-14,,,False,False
215,current,2014-11-14,,,False,False
744,canceled,2014-11-14,2014-12-21,37,False,True
217,canceled,2014-11-14,2014-11-15,1,False,True
217,canceled,2014-11-15,2015-03-10,115,False,True
217,current,2015-03-10,,,False,False
1221,canceled,2014-11-14,2014-11-21,7,False,True
1211,canceled,2014-11-14,2014-11-15,1,False,True
1211,canceled,2014-11-15,2015-01-15,61,False,True
1211,current,2015-03-06,,,False,False
1051,canceled,2014-11-14,2014-11-16,2,False,True
1286,canceled,2014-11-14,2014-11-21,7,False,True
53,canceled,2014-11-14,2014-12-21,37,False,True
53,current,2015-05-11,,,False,False
895,canceled,2014-11-14,2014-11-19,5,False,True
895,canceled,2014-11-11,2014-11-11,0,False,True
283,current,2014-11-15,,,False,False
283,canceled,2014-11-13,2014-11-15,2,False,True
338,canceled,2014-11-15,2015-01-14,60,False,True
338,canceled,2015-01-14,2015-02-03,20,False,True
338,canceled,2015-02-03,2015-02-22,19,False,True
338,current,2015-05-11,,,False,False
579,current,2014-11-15,,,False,False
903,canceled,2014-11-16,2014-11-21,5,False,True
627,current,2014-11-16,,,False,False
253,canceled,2014-11-16,2015-01-14,59,False,True
253,current,2015-01-14,,,False,False
861,canceled,2014-11-16,2014-11-19,3,False,True
178,canceled,2014-11-17,2015-05-09,173,False,True
822,canceled,2014-11-17,2015-01-15,59,False,True
822,current,2015-07-18,,,False,False
96,current,2014-11-17,,,False,False
123,canceled,2014-11-10,2015-03-10,120,False,True
123,canceled,2015-03-10,2015-04-17,38,False,True
943,canceled,2014-11-10,2014-11-17,7,False,True
620,current,2014-11-10,,,False,False
1204,canceled,2014-11-10,2014-12-17,37,False,True
195,current,2014-11-10,,,False,False
890,canceled,2014-11-10,2014-11-11,1,False,True
354,current,2014-11-10,,,False,False
837,canceled,2014-11-10,2014-11-11,1,False,True
114,canceled,2014-11-10,2014-11-11,1,False,True
114,current,2015-05-08,,,False,False
810,canceled,2014-11-10,2014-11-13,3,False,True
394,canceled,2014-11-10,2015-04-17,158,False,True
1253,canceled,2014-11-10,2015-01-14,65,False,True
1253,canceled,2015-01-14,2015-01-20,6,False,True
504,canceled,2014-11-10,2015-06-17,219,False,True
537,current,2014-11-10,,,False,False
72,canceled,2014-11-10,2015-05-17,188,False,True
268,canceled,2014-11-10,2014-12-17,37,False,True
268,canceled,2015-04-03,2015-08-10,129,False,True
339,canceled,2014-11-10,2015-03-10,120,False,True
339,canceled,2015-04-01,2015-06-17,77,False,True
339,canceled,2015-03-10,2015-04-01,22,False,True
1244,canceled,2014-11-10,2015-01-14,65,False,True
1244,current,2015-03-10,,,False,False
1244,canceled,2015-01-14,2015-03-10,55,False,True
1244,canceled,2015-03-17,2015-04-27,41,False,True
1244,canceled,2015-05-17,2015-08-17,92,False,True
752,canceled,2014-11-10,2014-11-19,9,False,True
194,current,2014-11-10,,,False,False
520,canceled,2014-11-10,2015-03-17,127,False,True
102,current,2014-11-10,,,False,False
367,canceled,2014-11-11,2015-04-02,142,False,True
258,canceled,2014-11-10,2015-07-17,249,False,True
522,current,2014-11-10,,,False,False
1047,canceled,2014-11-10,2014-11-11,1,False,True
329,canceled,2014-11-10,2015-01-14,65,False,True
329,canceled,2015-03-10,2015-04-08,29,False,True
329,current,2015-04-08,,,False,False
329,canceled,2015-01-14,2015-02-03,20,False,True
329,canceled,2015-02-03,2015-03-10,35,False,True
225,current,2014-11-10,,,False,False
612,canceled,2014-11-10,2015-03-10,120,False,True
612,canceled,2015-03-10,2015-03-17,7,False,True
150,canceled,2014-11-10,2015-05-17,188,False,True
179,canceled,2014-11-10,2015-03-17,127,False,True
595,current,2014-11-10,,,False,False
587,canceled,2014-11-10,2015-01-14,65,False,True
587,canceled,2015-01-14,2015-04-17,93,False,True
587,current,2015-05-28,,,False,False
439,canceled,2014-11-10,2015-03-10,120,False,True
439,current,2015-03-10,,,False,False
428,current,2014-11-10,,,False,False
18,canceled,2014-11-10,2015-02-17,99,False,True
544,canceled,2014-11-10,2015-05-17,188,False,True
10,current,2014-11-10,,,False,False
913,canceled,2014-11-10,2015-01-14,65,False,True
913,canceled,2015-01-14,2015-02-17,34,False,True
23,current,2014-11-10,,,False,False
576,canceled,2014-11-10,2015-02-17,99,False,True
431,canceled,2014-11-10,2015-03-17,127,False,True
223,current,2014-11-10,,,False,False
480,canceled,2014-11-10,2015-03-10,120,False,True
480,canceled,2015-03-10,2015-04-01,22,False,True
480,current,2015-04-01,,,False,False
525,canceled,2014-11-10,2015-07-17,249,False,True
1111,canceled,2014-11-11,2015-03-10,119,False,True
1111,canceled,2015-03-10,2015-04-01,22,False,True
1111,canceled,2015-04-01,2015-04-18,17,False,True
1107,canceled,2014-11-11,2014-11-19,8,False,True
577,canceled,2014-11-12,2015-01-19,68,False,True
577,canceled,2015-02-05,2015-07-12,157,False,True
92,canceled,2014-11-12,2015-07-19,249,False,True
335,canceled,2014-11-12,2015-05-19,188,False,True
275,canceled,2014-11-12,2014-11-16,4,False,True
275,current,2014-11-16,,,False,False
930,canceled,2014-11-13,2014-11-17,4,False,True
245,current,2014-11-14,,,False,False
135,current,2014-11-14,,,False,False
37,current,2014-11-14,,,False,False
740,canceled,2014-11-14,2014-11-15,1,False,True
740,canceled,2014-11-11,2014-11-13,2,False,True
186,current,2014-11-14,,,False,False
389,current,2014-11-15,,,False,False
389,canceled,2014-11-14,2014-11-15,1,False,True
1218,canceled,2014-11-15,2014-11-15,0,False,True
693,canceled,2014-11-15,2015-01-14,60,False,True
693,canceled,2015-01-14,2015-01-23,9,False,True
770,canceled,2014-11-15,2014-11-19,4,False,True
88,canceled,2014-11-15,2015-03-10,115,False,True
88,current,2015-04-01,,,False,False
88,canceled,2015-03-10,2015-04-01,22,False,True
845,canceled,2014-11-16,2014-11-23,7,False,True
983,canceled,2014-11-16,2015-01-14,59,False,True
983,canceled,2015-01-14,2015-01-23,9,False,True
1118,canceled,2014-11-17,2014-12-24,37,False,True
1118,canceled,2014-11-12,2014-11-17,5,False,True
499,canceled,2014-11-17,2014-11-17,0,False,True
499,canceled,2015-02-06,2015-05-13,96,False,True
590,canceled,2014-12-03,2015-02-03,62,False,True
590,current,2015-05-11,,,False,False
590,canceled,2015-02-03,2015-03-10,35,False,True
264,canceled,2014-12-03,2015-02-03,62,False,True
264,canceled,2015-02-03,2015-02-25,22,False,True
300,current,2014-12-03,,,False,False
54,current,2014-12-03,,,False,False
1043,canceled,2014-12-03,2014-12-04,1,False,True
1130,canceled,2014-12-03,2015-01-25,53,False,True
654,canceled,2014-12-04,2014-12-04,0,False,True
654,canceled,2014-12-04,2014-12-04,0,False,True
654,canceled,2014-12-03,2014-12-03,0,False,True
736,canceled,2014-12-04,2015-03-11,97,False,True
964,canceled,2014-12-04,2014-12-04,0,False,True
976,canceled,2014-12-04,2015-01-11,38,False,True
1203,canceled,2014-12-04,2014-12-09,5,False,True
278,current,2014-12-04,,,False,False
377,current,2014-12-05,,,False,False
342,current,2014-12-05,,,False,False
358,current,2014-12-05,,,False,False
316,canceled,2014-12-06,2015-06-13,189,False,True
347,canceled,2014-12-07,2015-03-14,97,False,True
347,current,2015-04-05,,,False,False
295,canceled,2014-12-07,2014-12-07,0,False,True
295,current,2015-04-03,,,False,False
343,canceled,2014-12-07,2015-03-14,97,False,True
1127,canceled,2014-12-07,2014-12-08,1,False,True
1076,canceled,2014-12-08,2014-12-12,4,False,True
502,current,2014-12-08,,,False,False
502,canceled,2014-11-15,2014-11-21,6,False,True
1223,canceled,2014-12-08,2014-12-13,5,False,True
221,canceled,2014-12-03,2015-02-10,69,False,True
631,canceled,2014-12-03,2014-12-08,5,False,True
631,canceled,2015-05-08,2015-07-15,68,False,True
495,current,2014-12-04,,,False,False
495,canceled,2014-11-12,2014-11-17,5,False,True
1009,canceled,2014-12-05,2015-02-12,69,False,True
364,current,2014-12-05,,,False,False
1252,canceled,2014-12-05,2014-12-11,6,False,True
909,canceled,2014-12-05,2014-12-28,23,False,True
1156,canceled,2014-12-06,2014-12-08,2,False,True
524,canceled,2014-12-06,2015-02-03,59,False,True
524,current,2015-03-04,,,False,False
560,current,2014-12-06,,,False,False
570,current,2014-12-07,,,False,False
581,current,2014-12-07,,,False,False
759,canceled,2014-12-08,2015-02-03,57,False,True
759,canceled,2015-04-08,2015-04-15,7,False,True
759,canceled,2015-02-03,2015-04-08,64,False,True
896,canceled,2014-12-08,2015-02-03,57,False,True
896,canceled,2015-03-10,2015-04-08,29,False,True
896,canceled,2015-02-03,2015-03-10,35,False,True
896,current,2015-04-08,,,False,False
346,current,2014-12-08,,,False,False
346,canceled,2014-12-05,2014-12-05,0,False,True
411,canceled,2014-12-08,2015-02-03,57,False,True
411,canceled,2015-03-10,2015-04-08,29,False,True
411,canceled,2015-02-03,2015-03-10,35,False,True
411,canceled,2015-04-08,2015-06-15,68,False,True
705,canceled,2014-12-08,2014-12-14,6,False,True
705,canceled,2015-04-08,2015-04-28,20,False,True
776,canceled,2014-12-08,2015-02-03,57,False,True
557,canceled,2014-12-08,2015-02-03,57,False,True
557,current,2015-03-10,,,False,False
557,canceled,2015-02-03,2015-03-10,35,False,True
1234,canceled,2014-12-09,2014-12-14,5,False,True
634,canceled,2014-12-09,2015-06-16,189,False,True
1124,canceled,2014-12-09,2015-02-03,56,False,True
1124,current,2015-04-08,,,False,False
1124,canceled,2015-02-03,2015-04-08,64,False,True
932,canceled,2014-12-09,2015-01-16,38,False,True
817,canceled,2014-12-09,2014-12-09,0,False,True
169,canceled,2014-12-09,2014-12-14,5,False,True
169,canceled,2015-02-05,2015-08-12,188,False,True
350,current,2015-01-07,,,False,False
345,current,2015-01-07,,,False,False
1171,canceled,2015-01-07,2015-01-07,0,False,True
530,current,2015-01-07,,,False,False
383,current,2015-01-07,,,False,False
1271,canceled,2015-01-07,2015-01-13,6,False,True
229,canceled,2015-01-07,2015-06-14,158,False,True
876,canceled,2015-01-08,2015-01-11,3,False,True
622,canceled,2015-01-08,2015-06-15,158,False,True
1065,canceled,2015-01-08,2015-01-11,3,False,True
884,canceled,2015-01-08,2015-01-08,0,False,True
730,canceled,2015-01-08,2015-01-30,22,False,True
905,canceled,2015-01-08,2015-03-15,66,False,True
356,current,2015-01-09,,,False,False
1164,canceled,2015-01-09,2015-01-14,5,False,True
170,canceled,2015-01-09,2015-08-16,219,False,True
467,canceled,2015-01-10,2015-07-02,173,False,True
780,canceled,2015-01-11,2015-02-18,38,False,True
418,canceled,2015-01-11,2015-07-18,188,False,True
1074,canceled,2015-01-11,2015-03-10,58,False,True
1074,canceled,2015-03-10,2015-04-18,39,False,True
859,canceled,2015-01-11,2015-02-18,38,False,True
859,canceled,2014-11-15,2014-11-22,7,False,True
91,canceled,2014-11-10,2015-03-10,120,False,True
91,current,2015-03-10,,,False,False
12,current,2014-11-10,,,False,False
3,canceled,2014-11-10,2015-03-10,120,False,True
3,current,2015-03-10,,,False,False
157,canceled,2014-11-10,2015-03-10,120,False,True
157,canceled,2015-03-10,2015-07-17,129,False,True
224,current,2014-11-10,,,False,False
562,current,2014-11-10,,,False,False
1098,current,2014-11-10,,,False,False
378,canceled,2014-11-10,2015-03-10,120,False,True
378,canceled,2015-03-10,2015-04-17,38,False,True
1214,canceled,2014-11-10,2015-01-15,66,False,True
483,canceled,2014-11-10,2015-04-20,161,False,True
1094,canceled,2014-11-10,2014-12-17,37,False,True
882,canceled,2014-11-10,2014-12-17,37,False,True
412,canceled,2014-11-10,2015-03-10,120,False,True
412,current,2015-04-01,,,False,False
412,canceled,2015-03-10,2015-04-01,22,False,True
390,current,2014-11-10,,,False,False
366,canceled,2014-11-10,2015-03-10,120,False,True
366,canceled,2015-04-01,2015-04-17,16,False,True
366,canceled,2015-03-10,2015-04-01,22,False,True
81,current,2014-11-10,,,False,False
696,canceled,2014-11-10,2015-01-14,65,False,True
696,canceled,2015-01-14,2015-01-20,6,False,True
892,canceled,2014-11-10,2014-11-12,2,False,True
1142,canceled,2014-11-10,2015-01-14,65,False,True
1142,canceled,2015-03-10,2015-07-17,129,False,True
1142,canceled,2015-01-14,2015-03-10,55,False,True
234,current,2014-11-11,,,False,False
148,canceled,2014-11-11,2015-03-10,119,False,True
148,canceled,2015-04-01,2015-04-18,17,False,True
148,canceled,2015-03-10,2015-04-01,22,False,True
630,canceled,2014-11-11,2015-03-18,127,False,True
1083,canceled,2014-11-11,2014-11-12,1,False,True
1011,canceled,2014-11-11,2014-11-12,1,False,True
1011,canceled,2015-04-08,2015-05-15,37,False,True
1114,canceled,2014-11-12,2014-11-18,6,False,True
161,canceled,2014-11-12,2015-05-19,188,False,True
441,canceled,2014-11-12,2015-06-19,219,False,True
712,canceled,2014-11-13,2015-03-20,127,False,True
273,current,2014-11-14,,,False,False
76,canceled,2014-11-14,2014-11-15,1,False,True
76,current,2015-01-15,,,False,False
76,canceled,2014-11-15,2015-01-15,61,False,True
938,canceled,2014-11-14,2015-01-16,63,False,True
131,current,2014-11-14,,,False,False
231,current,2014-11-14,,,False,False
1085,canceled,2014-11-14,2014-11-18,4,False,True
327,current,2014-11-14,,,False,False
829,canceled,2014-11-15,2014-12-22,37,False,True
829,canceled,2014-11-14,2014-11-15,1,False,True
203,canceled,2014-11-15,2014-11-21,6,False,True
203,canceled,2015-05-12,2015-07-19,68,False,True
277,current,2014-11-15,,,False,False
280,current,2014-11-15,,,False,False
308,current,2014-11-16,,,False,False
1239,canceled,2014-11-17,2014-11-19,2,False,True
1230,canceled,2014-11-17,2014-11-19,2,False,True
875,canceled,2014-11-17,2014-11-17,0,False,True
202,current,2014-12-03,,,False,False
563,canceled,2014-12-03,2015-07-10,219,False,True
1167,canceled,2014-12-03,2015-01-10,38,False,True
643,canceled,2014-12-03,2015-02-03,62,False,True
643,canceled,2015-03-10,2015-04-08,29,False,True
643,current,2015-04-18,,,False,False
643,canceled,2015-04-08,2015-04-18,10,False,True
643,canceled,2015-02-03,2015-03-10,35,False,True
110,canceled,2014-12-03,2015-05-10,158,False,True
244,current,2014-12-04,,,False,False
1289,canceled,2014-12-04,2015-02-03,61,False,True
1120,canceled,2014-12-04,2014-12-04,0,False,True
500,canceled,2014-12-05,2015-02-03,60,False,True
500,canceled,2014-11-12,2014-11-17,5,False,True
500,current,2015-02-03,,,False,False
728,canceled,2014-12-05,2014-12-05,0,False,True
209,current,2014-12-05,,,False,False
292,current,2014-12-05,,,False,False
546,current,2014-12-05,,,False,False
1160,canceled,2014-12-05,2015-01-12,38,False,True
64,canceled,2014-12-06,2015-04-13,128,False,True
637,canceled,2014-12-06,2014-12-10,4,False,True
637,canceled,2015-03-10,2015-04-14,35,False,True
637,canceled,2015-05-06,2015-08-13,99,False,True
637,canceled,2015-01-07,2015-03-10,62,False,True
52,canceled,2014-12-07,2015-03-14,97,False,True
747,canceled,2014-12-07,2014-12-13,6,False,True
747,current,2015-04-02,,,False,False
450,current,2014-12-07,,,False,False
111,canceled,2014-12-07,2015-03-01,84,False,True
583,canceled,2014-12-08,2015-05-15,158,False,True
461,current,2014-12-08,,,False,False
1199,canceled,2014-12-08,2015-01-15,38,False,True
743,canceled,2014-12-09,2015-01-16,38,False,True
474,canceled,2014-12-09,2015-03-16,97,False,True
960,canceled,2014-12-09,2014-12-15,6,False,True
667,canceled,2014-12-09,2015-01-16,38,False,True
1095,canceled,2014-12-09,2014-12-13,4,False,True
1095,canceled,2015-06-06,2015-08-13,68,False,True
79,canceled,2014-12-09,2015-07-16,219,False,True
691,canceled,2015-01-07,2015-01-10,3,False,True
66,current,2015-01-07,,,False,False
197,canceled,2015-01-07,2015-06-14,158,False,True
67,canceled,2015-01-07,2015-03-14,66,False,True
678,canceled,2015-01-08,2015-02-15,38,False,True
873,canceled,2015-01-08,2015-01-30,22,False,True
623,canceled,2015-01-08,2015-04-15,97,False,True
623,canceled,2014-12-07,2014-12-14,7,False,True
791,current,2015-01-08,,,False,False
507,canceled,2015-01-09,2015-03-10,60,False,True
507,current,2015-03-10,,,False,False
488,current,2015-01-09,,,False,False
488,canceled,2014-11-15,2014-11-20,5,False,True
270,canceled,2015-01-09,2015-05-31,142,False,True
362,canceled,2015-01-09,2015-02-05,27,False,True
362,canceled,2015-02-05,2015-04-16,70,False,True
263,canceled,2015-01-10,2015-04-17,97,False,True
263,current,2015-08-12,,,False,False
263,canceled,2015-06-01,2015-07-08,37,False,True
965,canceled,2015-01-10,2015-04-17,97,False,True
761,canceled,2015-01-11,2015-02-18,38,False,True
1191,canceled,2015-01-11,2015-01-11,0,False,True
598,current,2015-01-12,,,False,False
785,canceled,2015-01-12,2015-03-10,57,False,True
785,canceled,2015-04-08,2015-05-19,41,False,True
785,canceled,2015-03-10,2015-04-08,29,False,True
989,canceled,2015-01-12,2015-02-18,37,False,True
989,canceled,2015-04-08,2015-06-19,72,False,True
989,canceled,2015-02-18,2015-04-08,49,False,True
28,current,2015-01-12,,,False,False
1293,canceled,2014-12-08,2014-12-10,2,False,True
166,current,2014-12-08,,,False,False
682,canceled,2014-12-08,2014-12-15,7,False,True
682,canceled,2014-12-07,2014-12-07,0,False,True
682,canceled,2015-04-08,2015-05-15,37,False,True
1295,canceled,2014-12-09,2014-12-15,6,False,True
1295,canceled,2015-07-17,2015-07-22,5,False,True
695,canceled,2014-12-09,2014-12-15,6,False,True
671,canceled,2014-12-09,2015-02-03,56,False,True
907,canceled,2014-12-09,2014-12-15,6,False,True
1121,canceled,2014-12-29,2015-01-12,14,False,True
1121,canceled,2014-11-11,2014-12-29,48,False,True
1121,canceled,2015-01-12,2015-02-18,37,False,True
966,canceled,2015-01-07,2015-03-10,62,False,True
966,current,2015-03-10,,,False,False
442,canceled,2015-01-07,2015-03-10,62,False,True
442,current,2015-03-10,,,False,False
442,canceled,2015-03-15,2015-04-27,43,False,True
442,current,2015-05-14,,,False,False
5,canceled,2015-01-07,2015-04-16,99,False,True
5,canceled,2015-01-07,2015-01-07,0,False,True
1283,canceled,2015-01-07,2015-01-10,3,False,True
592,current,2015-01-07,,,False,False
1137,canceled,2015-01-08,2015-01-10,2,False,True
34,canceled,2015-01-08,2015-02-03,26,False,True
34,canceled,2014-11-16,2015-01-08,53,False,True
34,current,2015-02-03,,,False,False
824,canceled,2015-01-09,2015-01-31,22,False,True
824,canceled,2015-02-10,2015-03-04,22,False,True
0,current,2015-01-09,,,False,False
688,canceled,2015-01-09,2015-01-11,2,False,True
527,current,2015-01-09,,,False,False
1304,canceled,2015-01-10,2015-03-10,59,True,True
1304,canceled,2015-03-10,2015-06-17,99,True,True
1060,canceled,2015-01-11,2015-02-18,38,False,True
1010,canceled,2015-01-11,2015-01-11,0,False,True
745,canceled,2014-11-11,2014-11-13,2,False,True
227,canceled,2014-11-12,2014-12-19,37,False,True
227,current,2015-04-08,,,False,False
929,canceled,2014-11-12,2014-11-17,5,False,True
841,canceled,2014-11-12,2014-11-12,0,False,True
599,canceled,2014-11-12,2015-01-14,63,False,True
599,canceled,2015-01-14,2015-01-22,8,False,True
599,current,2015-04-02,,,False,False
181,canceled,2014-11-13,2015-03-10,117,False,True
181,current,2015-03-10,,,False,False
1035,canceled,2014-11-13,2014-11-13,0,False,True
1035,canceled,2015-02-06,2015-02-09,3,False,True
639,canceled,2014-11-13,2015-03-20,127,False,True
126,current,2014-11-14,,,False,False
254,current,2014-11-14,,,False,False
1303,canceled,2014-11-14,2015-01-14,61,False,True
1303,canceled,2015-03-10,2015-04-08,29,False,True
1303,canceled,2015-04-08,2015-04-21,13,False,True
1303,canceled,2015-01-14,2015-02-03,20,False,True
1303,canceled,2015-02-03,2015-03-10,35,False,True
969,canceled,2014-11-14,2014-12-22,38,False,True
869,canceled,2014-11-14,2014-11-21,7,False,True
972,canceled,2014-11-15,2015-01-14,60,False,True
972,canceled,2015-01-14,2015-03-10,55,False,True
972,canceled,2015-03-10,2015-03-22,12,False,True
334,canceled,2014-11-16,2015-03-10,114,False,True
334,current,2015-03-10,,,False,False
469,current,2014-11-16,,,False,False
684,canceled,2014-11-16,2014-11-21,5,False,True
1012,canceled,2014-11-17,2014-11-21,4,False,True
33,current,2015-01-12,,,False,False
250,current,2015-01-12,,,False,False
1109,canceled,2015-01-12,2015-01-16,4,False,True
486,current,2015-01-12,,,False,False
862,canceled,2015-01-12,2015-01-18,6,False,True
567,current,2015-01-12,,,False,False
371,current,2015-01-13,,,False,False
765,canceled,2015-01-13,2015-01-18,5,False,True
1277,canceled,2015-01-14,2015-01-22,8,False,True
1277,canceled,2014-11-14,2015-01-14,61,False,True
1071,canceled,2015-01-14,2015-03-17,62,False,True
1071,canceled,2014-11-10,2015-01-14,65,False,True
923,canceled,2015-01-14,2015-03-10,55,False,True
923,canceled,2014-11-16,2015-01-14,59,False,True
923,current,2015-03-10,,,False,False
640,canceled,2015-01-14,2015-01-15,1,False,True
640,canceled,2014-11-12,2015-01-14,63,False,True
640,current,2015-04-01,,,False,False
640,canceled,2015-01-15,2015-01-15,0,False,True
640,canceled,2015-01-15,2015-03-10,54,False,True
640,canceled,2015-03-10,2015-04-01,22,False,True
1174,canceled,2015-01-14,2015-02-03,20,False,True
1174,canceled,2014-11-10,2015-01-14,65,False,True
1174,canceled,2015-02-03,2015-02-17,14,False,True
1019,canceled,2015-01-14,2015-01-18,4,False,True
1019,canceled,2014-11-11,2015-01-14,64,False,True
655,canceled,2015-01-14,2015-01-20,6,False,True
655,canceled,2014-11-10,2015-01-14,65,False,True
529,current,2015-02-03,,,False,False
529,canceled,2014-12-08,2015-02-03,57,False,True
222,current,2014-11-17,,,False,False
256,canceled,2014-12-03,2015-04-01,119,False,True
256,canceled,2015-04-01,2015-06-10,70,False,True
288,current,2014-12-03,,,False,False
523,canceled,2014-12-03,2015-01-12,40,False,True
523,canceled,2015-01-12,2015-03-10,57,False,True
523,current,2015-03-10,,,False,False
24,canceled,2014-12-03,2015-06-10,189,False,True
922,canceled,2014-12-03,2014-12-08,5,False,True
707,canceled,2014-12-03,2014-12-03,0,False,True
397,canceled,2014-12-04,2015-04-01,118,False,True
397,current,2015-04-01,,,False,False
925,canceled,2014-12-04,2014-12-05,1,False,True
265,canceled,2014-12-04,2015-01-11,38,False,True
650,canceled,2014-12-04,2014-12-10,6,False,True
650,canceled,2015-03-04,2015-08-11,160,False,True
717,canceled,2014-12-04,2014-12-04,0,False,True
1013,canceled,2014-12-04,2015-04-01,118,False,True
1013,canceled,2015-04-01,2015-04-11,10,False,True
618,canceled,2014-12-05,2015-04-12,128,False,True
1236,canceled,2014-12-05,2015-02-03,60,False,True
1181,current,2014-12-05,,,False,False
1152,canceled,2014-12-05,2014-12-07,2,False,True
1152,canceled,2015-05-11,2015-05-14,3,False,True
1152,canceled,2015-07-16,2015-07-22,6,False,True
1225,canceled,2014-12-05,2014-12-10,5,False,True
727,canceled,2014-12-07,2014-12-07,0,False,True
866,canceled,2014-12-07,2015-01-14,38,False,True
1201,canceled,2014-12-07,2015-01-14,38,False,True
982,canceled,2014-12-08,2014-12-09,1,False,True
193,canceled,2014-12-08,2015-04-01,114,False,True
193,current,2015-04-01,,,False,False
710,canceled,2014-12-08,2015-02-03,57,False,True
710,canceled,2015-02-03,2015-02-15,12,False,True
1273,canceled,2015-01-12,2015-01-12,0,False,True
1280,canceled,2015-01-12,2015-01-15,3,False,True
180,canceled,2015-01-12,2015-03-10,57,False,True
180,current,2015-04-08,,,False,False
180,canceled,2015-03-10,2015-04-08,29,False,True
722,canceled,2015-01-12,2015-03-10,57,False,True
722,canceled,2015-03-10,2015-05-19,70,False,True
125,current,2015-01-13,,,False,False
954,canceled,2015-01-14,2015-03-10,55,False,True
954,canceled,2015-03-10,2015-04-02,23,False,True
954,canceled,2014-11-10,2015-01-14,65,False,True
140,current,2015-01-14,,,False,False
140,canceled,2014-11-10,2015-01-14,65,False,True
1139,canceled,2015-01-14,2015-01-16,2,False,True
1139,canceled,2015-01-16,2015-02-18,33,False,True
1139,canceled,2014-11-11,2015-01-14,64,False,True
388,current,2015-02-03,,,False,False
388,canceled,2014-12-08,2015-02-03,57,False,True
147,current,2015-02-03,,,False,False
147,canceled,2014-12-03,2015-02-03,62,False,True
119,canceled,2015-02-03,2015-04-08,64,False,True
119,current,2015-04-08,,,False,False
119,canceled,2014-12-03,2015-02-03,62,False,True
97,canceled,2015-02-05,2015-04-08,62,False,True
97,current,2015-04-08,,,False,False
962,canceled,2015-02-05,2015-02-06,1,False,True
962,canceled,2014-12-04,2014-12-05,1,False,True
984,canceled,2015-02-05,2015-03-12,35,False,True
984,current,2015-08-13,,,False,False
444,canceled,2015-02-05,2015-04-08,62,False,True
444,current,2015-04-08,,,False,False
444,canceled,2014-12-04,2014-12-06,2,False,True
493,current,2015-02-05,,,False,False
435,current,2015-02-06,,,False,False
386,canceled,2015-02-06,2015-04-08,61,False,True
386,canceled,2015-04-08,2015-06-13,66,False,True
386,canceled,2015-01-13,2015-01-17,4,False,True
156,current,2014-11-10,,,False,False
649,canceled,2014-11-10,2015-03-17,127,False,True
145,current,2014-11-10,,,False,False
420,current,2014-11-10,,,False,False
582,current,2014-11-10,,,False,False
165,canceled,2014-11-10,2015-03-17,127,False,True
580,canceled,2014-11-10,2015-07-17,249,False,True
919,canceled,2014-11-10,2015-03-17,127,False,True
90,canceled,2014-11-10,2015-03-10,120,False,True
90,canceled,2015-03-10,2015-04-01,22,False,True
90,current,2015-04-01,,,False,False
312,canceled,2014-11-10,2015-03-10,120,True,True
312,canceled,2015-03-10,2015-04-01,22,True,True
312,canceled,2015-04-01,2015-07-02,92,True,True
312,current,2015-07-08,,,True,False
864,canceled,2014-11-10,2014-11-19,9,False,True
963,canceled,2014-11-10,2014-11-14,4,False,True
328,current,2014-11-10,,,False,False
1122,canceled,2014-11-10,2014-11-17,7,False,True
626,canceled,2014-11-10,2014-11-19,9,False,True
626,canceled,2015-03-04,2015-05-11,68,False,True
1238,canceled,2014-11-10,2014-11-10,0,False,True
1117,canceled,2014-11-11,2015-01-15,65,False,True
187,canceled,2014-11-12,2015-04-19,158,False,True
617,current,2014-11-12,,,False,False
547,canceled,2015-02-03,2015-08-16,194,False,True
547,canceled,2014-12-09,2015-02-03,56,False,True
159,canceled,2015-02-05,2015-02-12,7,False,True
159,canceled,2014-12-09,2015-02-03,56,False,True
159,current,2015-02-12,,,False,False
561,current,2015-02-05,,,False,False
1226,canceled,2015-02-05,2015-04-08,62,False,True
1226,canceled,2015-04-08,2015-05-12,34,False,True
352,current,2015-02-05,,,False,False
374,current,2015-02-06,,,False,False
857,canceled,2015-02-06,2015-04-08,61,False,True
857,current,2015-04-08,,,False,False
1044,canceled,2015-02-08,2015-02-08,0,False,True
143,canceled,2015-02-09,2015-06-16,127,False,True
138,canceled,2015-02-10,2015-04-08,57,False,True
138,current,2015-04-08,,,False,False
952,canceled,2015-02-11,2015-03-18,35,False,True
716,canceled,2015-02-11,2015-02-15,4,False,True
1233,canceled,2015-02-11,2015-02-16,5,False,True
416,canceled,2015-02-11,2015-02-16,5,False,True
416,canceled,2015-04-08,2015-07-15,98,False,True
477,canceled,2015-03-04,2015-07-11,129,False,True
132,canceled,2015-03-04,2015-06-11,99,False,True
624,canceled,2015-03-04,2015-06-26,114,False,True
50,current,2015-03-04,,,False,False
1297,canceled,2015-03-04,2015-03-09,5,False,True
1297,canceled,2015-02-05,2015-02-08,3,False,True
749,canceled,2015-03-05,2015-03-05,0,False,True
1247,canceled,2015-03-05,2015-04-12,38,False,True
607,current,2015-03-05,,,False,False
971,canceled,2015-02-06,2015-02-08,2,False,True
251,canceled,2015-02-06,2015-04-08,61,False,True
251,current,2015-04-08,,,False,False
709,canceled,2015-02-08,2015-03-15,35,False,True
564,canceled,2015-02-08,2015-04-08,59,False,True
564,current,2015-04-08,,,False,False
741,canceled,2015-02-09,2015-02-15,6,False,True
70,current,2015-02-09,,,False,False
792,canceled,2015-02-09,2015-06-16,127,False,True
494,current,2015-02-09,,,False,False
494,canceled,2014-11-10,2014-11-17,7,False,True
833,canceled,2015-02-09,2015-03-03,22,False,True
603,current,2015-02-09,,,False,False
307,current,2015-02-10,,,False,False
337,current,2015-02-10,,,False,False
823,canceled,2015-02-10,2015-04-08,57,False,True
823,canceled,2015-04-08,2015-05-17,39,False,True
30,current,2015-02-10,,,False,False
82,current,2015-03-05,,,False,False
348,current,2015-03-05,,,False,False
348,canceled,2015-02-05,2015-02-27,22,False,True
1097,canceled,2015-03-05,2015-03-11,6,False,True
139,current,2015-03-06,,,False,False
1129,canceled,2015-03-07,2015-03-07,0,False,True
1129,canceled,2015-02-11,2015-02-11,0,False,True
185,canceled,2014-11-12,2015-03-10,118,False,True
185,canceled,2015-03-10,2015-04-01,22,False,True
185,current,2015-04-01,,,False,False
281,current,2014-11-14,,,False,False
855,canceled,2014-11-14,2014-12-21,37,False,True
683,canceled,2014-11-14,2014-11-15,1,False,True
1041,canceled,2014-11-15,2014-11-21,6,False,True
908,canceled,2014-11-15,2014-11-16,1,False,True
191,canceled,2014-11-16,2015-03-10,114,False,True
191,current,2015-03-10,,,False,False
261,canceled,2014-11-16,2015-02-23,99,False,True
1017,canceled,2014-11-16,2014-11-20,4,False,True
415,canceled,2014-11-16,2015-03-10,114,False,True
415,current,2015-03-10,,,False,False
868,canceled,2014-11-16,2014-12-08,22,False,True
935,canceled,2014-11-16,2014-11-23,7,False,True
719,canceled,2014-11-17,2014-11-25,8,False,True
974,canceled,2014-12-08,2014-12-12,4,False,True
668,canceled,2014-12-09,2014-12-15,6,False,True
668,canceled,2015-01-13,2015-01-20,7,False,True
1180,canceled,2014-12-09,2014-12-13,4,False,True
1027,canceled,2014-12-09,2014-12-13,4,False,True
836,canceled,2014-12-09,2015-01-16,38,False,True
836,current,2015-07-16,,,False,False
319,current,2014-12-30,,,False,False
108,canceled,2015-01-07,2015-04-20,103,False,True
108,canceled,2015-04-20,2015-05-14,24,False,True
285,canceled,2015-01-07,2015-03-10,62,False,True
285,current,2015-03-10,,,False,False
1008,canceled,2015-01-07,2015-01-14,7,False,True
71,canceled,2015-01-07,2015-01-13,6,False,True
71,canceled,2015-02-11,2015-02-18,7,False,True
71,current,2015-04-07,,,False,False
1073,current,2015-01-07,,,False,False
842,canceled,2015-01-07,2015-01-09,2,False,True
818,canceled,2015-01-07,2015-01-12,5,True,True
421,current,2015-01-08,,,False,False
698,canceled,2015-01-08,2015-02-15,38,False,True
9,current,2015-01-08,,,False,False
144,canceled,2015-01-09,2015-01-10,1,False,True
144,current,2015-03-06,,,False,False
427,canceled,2015-01-09,2015-06-16,158,False,True
1212,canceled,2015-01-10,2015-02-01,22,False,True
1212,canceled,2015-07-19,2015-07-27,8,False,True
1140,canceled,2015-01-10,2015-02-17,38,False,True
344,current,2015-01-11,,,False,False
517,current,2015-03-06,,,False,False
703,canceled,2015-03-06,2015-03-09,3,False,True
505,canceled,2015-03-07,2015-05-14,68,False,True
171,canceled,2015-03-08,2015-06-15,99,False,True
586,current,2015-03-10,,,False,False
492,current,2015-03-10,,,False,False
1102,canceled,2015-03-10,2015-04-08,29,False,True
1102,canceled,2015-01-08,2015-03-10,61,False,True
1102,canceled,2015-04-08,2015-06-15,68,False,True
1287,canceled,2015-03-10,2015-05-20,71,False,True
1287,canceled,2015-01-13,2015-03-10,56,False,True
1254,canceled,2015-03-10,2015-03-17,7,False,True
1254,canceled,2015-01-10,2015-03-10,59,False,True
1259,current,2015-03-10,,,False,False
1259,canceled,2015-01-13,2015-03-10,56,False,True
1128,canceled,2015-03-11,2015-06-18,99,False,True
149,current,2015-03-11,,,False,False
78,current,2015-04-01,,,False,False
78,canceled,2014-12-08,2015-04-01,114,False,True
558,current,2015-04-01,,,False,False
558,canceled,2014-12-03,2015-04-01,119,False,True
153,canceled,2015-04-01,2015-07-14,104,False,True
153,canceled,2014-12-07,2015-04-01,115,False,True
473,canceled,2015-04-01,2015-04-15,14,False,True
473,canceled,2014-12-08,2015-04-01,114,False,True
246,current,2015-04-01,,,False,False
455,current,2015-04-01,,,False,False
1294,canceled,2015-03-10,2015-03-16,6,False,True
1294,canceled,2015-04-08,2015-04-09,1,False,True
106,current,2015-03-10,,,False,False
106,canceled,2014-11-11,2015-03-10,119,False,True
74,canceled,2015-03-10,2015-04-01,22,False,True
74,canceled,2015-04-01,2015-04-23,22,False,True
74,canceled,2014-11-15,2015-03-10,115,False,True
591,canceled,2015-03-10,2015-04-01,22,False,True
591,current,2015-04-01,,,False,False
591,canceled,2014-11-12,2015-03-10,118,False,True
419,canceled,2015-03-10,2015-08-08,151,False,True
419,canceled,2014-11-17,2015-03-10,113,False,True
31,current,2015-03-10,,,False,False
31,canceled,2014-11-10,2015-03-10,120,False,True
69,canceled,2015-03-10,2015-05-24,75,False,True
69,canceled,2014-11-17,2015-03-10,113,False,True
906,current,2015-03-10,,,False,False
906,canceled,2014-11-17,2015-03-10,113,False,True
601,current,2015-03-10,,,False,False
601,canceled,2014-11-10,2015-03-10,120,False,True
321,canceled,2015-03-10,2015-07-07,119,False,True
321,current,2015-07-09,,,False,False
321,canceled,2014-11-15,2015-03-10,115,False,True
99,canceled,2015-03-10,2015-08-20,163,False,True
99,canceled,2015-01-13,2015-03-10,56,False,True
1103,canceled,2015-03-10,2015-07-20,132,False,True
1103,canceled,2015-01-13,2015-03-10,56,False,True
685,canceled,2015-03-10,2015-03-17,7,False,True
1066,canceled,2015-03-10,2015-05-02,53,False,True
659,canceled,2015-03-10,2015-03-15,5,False,True
571,current,2015-04-01,,,False,False
571,canceled,2014-12-08,2015-04-01,114,False,True
426,canceled,2015-04-01,2015-04-02,1,False,True
426,canceled,2015-05-07,2015-08-14,99,False,True
1267,current,2015-04-02,,,False,False
392,current,2015-04-02,,,False,False
98,canceled,2015-04-02,2015-07-09,98,False,True
578,current,2015-04-02,,,False,False
86,current,2015-04-02,,,False,False
158,current,2015-04-04,,,False,False
1193,canceled,2015-04-04,2015-04-07,3,False,True
757,canceled,2015-01-11,2015-02-18,38,False,True
151,canceled,2015-01-11,2015-04-02,81,False,True
642,current,2015-01-11,,,False,False
534,canceled,2015-01-12,2015-04-19,97,False,True
214,current,2015-01-12,,,False,False
597,canceled,2015-01-12,2015-07-19,188,False,True
1242,canceled,2015-01-12,2015-03-10,57,False,True
1242,current,2015-03-10,,,False,False
732,canceled,2015-01-12,2015-05-19,127,False,True
168,canceled,2015-01-12,2015-01-19,7,False,True
168,canceled,2015-02-05,2015-04-08,62,False,True
168,current,2015-04-08,,,False,False
657,canceled,2015-01-13,2015-03-10,56,False,True
657,canceled,2015-03-10,2015-03-20,10,False,True
152,current,2014-11-17,,,False,False
1166,canceled,2014-12-03,2014-12-10,7,False,True
539,current,2014-12-03,,,False,False
1132,canceled,2014-12-03,2014-12-08,5,False,True
959,canceled,2014-12-03,2014-12-08,5,False,True
831,canceled,2014-12-03,2015-01-10,38,False,True
1015,canceled,2014-12-03,2015-02-03,62,False,True
1251,current,2014-12-05,,,False,False
613,current,2014-12-05,,,False,False
1245,canceled,2014-12-05,2014-12-09,4,False,True
611,canceled,2014-12-08,2015-01-15,38,False,True
453,current,2014-12-08,,,False,False
62,canceled,2014-12-08,2015-07-15,219,False,True
380,current,2014-12-08,,,False,False
697,canceled,2014-12-08,2015-01-15,38,False,True
43,canceled,2014-12-08,2015-03-30,112,False,True
451,current,2015-04-01,,,False,False
1037,canceled,2015-04-02,2015-04-04,2,False,True
625,current,2015-04-02,,,False,False
769,canceled,2015-04-03,2015-04-25,22,False,True
1301,canceled,2015-04-03,2015-04-04,1,False,True
1123,canceled,2015-04-03,2015-05-10,37,False,True
1154,current,2015-04-05,,,False,False
853,canceled,2015-04-06,2015-04-06,0,False,True
853,current,2015-07-17,,,False,False
918,canceled,2015-04-06,2015-05-28,52,False,True
1248,canceled,2015-04-06,2015-05-13,37,False,True
1189,canceled,2015-04-07,2015-05-14,37,False,True
1285,canceled,2015-04-07,2015-05-14,37,False,True
1296,canceled,2015-04-07,2015-04-14,7,False,True
1296,canceled,2015-04-15,2015-04-15,0,False,True
1296,canceled,2015-04-06,2015-04-07,1,False,True
844,canceled,2015-04-07,2015-04-16,9,False,True
844,canceled,2015-05-06,2015-05-12,6,False,True
690,current,2015-04-08,,,False,False
690,canceled,2015-02-05,2015-04-08,62,False,True
424,current,2015-04-06,,,False,False
926,canceled,2015-04-06,2015-04-06,0,False,True
379,current,2015-04-07,,,False,False
379,canceled,2015-01-12,2015-01-12,0,False,True
1138,canceled,2015-04-07,2015-04-12,5,False,True
641,canceled,2015-04-07,2015-06-14,68,False,True
641,canceled,2014-12-09,2014-12-15,6,False,True
404,canceled,2015-04-07,2015-04-08,1,False,True
404,canceled,2015-04-08,2015-08-17,131,False,True
105,canceled,2015-04-07,2015-05-14,37,False,True
395,current,2015-04-08,,,False,False
1299,current,2015-04-08,,,False,False
1299,canceled,2015-02-05,2015-04-08,62,False,True
589,current,2015-04-08,,,False,False
589,canceled,2015-02-05,2015-04-08,62,False,True
793,canceled,2015-04-08,2015-04-17,9,False,True
793,canceled,2015-02-10,2015-04-08,57,False,True
433,current,2015-04-08,,,False,False
677,canceled,2015-04-08,2015-04-14,6,False,True
243,canceled,2015-04-09,2015-04-15,6,False,True
243,canceled,2014-11-16,2015-01-23,68,False,True
555,current,2015-04-09,,,False,False
1104,canceled,2015-04-10,2015-04-17,7,False,True
676,current,2015-04-13,,,False,False
127,current,2015-04-24,,,False,False
201,current,2015-04-24,,,False,False
396,current,2015-04-24,,,False,False
267,current,2015-04-24,,,False,False
240,current,2015-04-24,,,False,False
894,canceled,2015-05-06,2015-05-12,6,False,True
647,current,2015-05-06,,,False,False
1163,canceled,2015-05-06,2015-06-13,38,False,True
948,canceled,2015-05-06,2015-06-22,47,False,True
1202,canceled,2015-05-07,2015-06-14,38,False,True
559,current,2015-05-07,,,False,False
476,current,2015-05-08,,,False,False
970,canceled,2015-05-08,2015-05-14,6,False,True
970,canceled,2015-07-17,2015-07-23,6,False,True
711,canceled,2015-05-08,2015-05-08,0,False,True
790,canceled,2014-12-09,2014-12-15,6,False,True
867,canceled,2014-12-09,2014-12-31,22,False,True
516,canceled,2014-12-09,2014-12-11,2,False,True
516,current,2015-05-11,,,False,False
1292,canceled,2015-01-07,2015-05-14,127,False,True
77,current,2015-01-07,,,False,False
56,current,2015-01-07,,,False,False
93,canceled,2015-01-07,2015-04-14,97,False,True
207,current,2015-01-07,,,False,False
103,current,2015-01-07,,,False,False
460,canceled,2015-01-07,2015-05-05,118,False,True
460,current,2015-05-07,,,False,False
610,canceled,2015-01-07,2015-03-14,66,False,True
446,current,2015-01-07,,,False,False
232,current,2015-01-08,,,False,False
670,canceled,2015-01-08,2015-04-15,97,False,True
1134,canceled,2015-01-08,2015-01-09,1,False,True
515,current,2015-01-08,,,False,False
803,canceled,2015-01-08,2015-01-08,0,False,True
1141,canceled,2015-01-09,2015-01-15,6,False,True
59,current,2015-01-10,,,False,False
900,canceled,2015-01-10,2015-02-17,38,False,True
900,current,2015-05-11,,,False,False
774,canceled,2015-01-11,2015-01-15,4,False,True
1053,canceled,2015-01-11,2015-03-18,66,False,True
357,current,2015-01-11,,,False,False
934,canceled,2015-01-11,2015-02-18,38,False,True
746,canceled,2015-02-05,2015-03-12,35,False,True
279,canceled,2015-02-05,2015-04-08,62,False,True
279,current,2015-04-08,,,False,False
136,canceled,2015-02-05,2015-04-08,62,False,True
136,current,2015-04-08,,,False,False
1092,canceled,2015-02-05,2015-02-09,4,False,True
799,canceled,2015-02-06,2015-02-06,0,False,True
1042,canceled,2015-02-06,2015-02-28,22,False,True
1042,canceled,2015-05-28,2015-06-19,22,False,True
789,canceled,2015-02-06,2015-02-06,0,False,True
413,canceled,2015-02-06,2015-05-13,96,False,True
738,canceled,2015-02-07,2015-02-13,6,False,True
306,canceled,2015-02-08,2015-04-08,59,False,True
306,current,2015-04-08,,,False,False
436,current,2015-02-08,,,False,False
35,current,2015-02-08,,,False,False
463,current,2015-02-09,,,False,False
1105,canceled,2015-02-09,2015-02-13,4,False,True
284,canceled,2015-02-09,2015-04-08,58,False,True
284,current,2015-04-08,,,False,False
521,canceled,2015-02-09,2015-04-08,58,False,True
521,canceled,2015-04-08,2015-07-16,99,False,True
1229,canceled,2015-02-09,2015-02-12,3,False,True
1049,canceled,2015-02-10,2015-03-04,22,False,True
1198,canceled,2015-02-11,2015-02-15,4,False,True
1198,canceled,2015-03-04,2015-04-11,38,False,True
720,canceled,2015-03-04,2015-04-11,38,False,True
239,current,2015-03-04,,,False,False
819,canceled,2015-03-04,2015-03-04,0,False,True
819,canceled,2015-03-04,2015-03-04,0,False,True
958,canceled,2015-03-04,2015-06-07,95,False,True
718,canceled,2015-05-08,2015-06-19,42,False,True
475,current,2015-05-09,,,False,False
276,current,2015-05-10,,,False,False
608,current,2015-05-10,,,False,False
293,canceled,2015-05-10,2015-08-17,99,False,True
341,current,2015-05-10,,,False,False
501,current,2015-05-11,,,False,False
858,canceled,2015-05-12,2015-07-19,68,False,True
713,canceled,2015-05-12,2015-07-04,53,False,True
1040,canceled,2015-05-12,2015-06-19,38,False,True
1040,canceled,2014-11-11,2014-11-17,6,False,True
1305,canceled,2015-05-12,2015-06-19,38,False,True
1091,canceled,2015-05-12,2015-05-18,6,False,True
1192,canceled,2015-05-12,2015-05-17,5,False,True
25,current,2015-05-12,,,False,False
25,canceled,2014-11-11,2015-02-18,99,False,True
674,current,2015-05-12,,,False,False
734,canceled,2015-05-13,2015-05-17,4,False,True
988,canceled,2015-05-13,2015-07-20,68,False,True
771,current,2015-05-13,,,False,False
771,canceled,2014-12-09,2014-12-15,6,False,True
1016,canceled,2015-05-13,2015-05-19,6,False,True
877,canceled,2015-05-13,2015-06-04,22,False,True
63,current,2015-05-28,,,False,False
481,current,2015-05-28,,,False,False
902,canceled,2015-05-29,2015-05-29,0,False,True
996,canceled,2015-05-29,2015-05-29,0,False,True
42,current,2015-05-30,,,False,False
42,canceled,2015-03-04,2015-05-11,68,False,True
939,current,2015-04-24,,,False,False
11,current,2015-04-24,,,False,False
262,current,2015-04-24,,,False,False
167,current,2015-04-24,,,False,False
302,current,2015-04-24,,,False,False
551,current,2015-04-24,,,False,False
609,current,2015-04-24,,,False,False
109,current,2015-05-06,,,False,False
211,current,2015-05-06,,,False,False
274,current,2015-05-06,,,False,False
704,canceled,2015-05-06,2015-07-13,68,False,True
407,canceled,2015-05-06,2015-08-13,99,False,True
360,current,2015-05-06,,,False,False
540,current,2015-05-08,,,False,False
1173,current,2015-05-08,,,False,False
886,canceled,2015-05-08,2015-05-13,5,False,True
112,current,2015-05-08,,,False,False
479,current,2015-05-09,,,False,False
1275,canceled,2015-05-09,2015-05-11,2,False,True
237,current,2015-05-10,,,False,False
487,current,2015-05-10,,,False,False
304,current,2015-05-10,,,False,False
330,current,2015-05-10,,,False,False
1250,current,2015-05-11,,,False,False
27,current,2015-05-11,,,False,False
1064,canceled,2015-05-11,2015-05-12,1,False,True
714,canceled,2015-05-11,2015-05-14,3,False,True
714,canceled,2015-07-09,2015-07-12,3,False,True
260,current,2015-05-11,,,False,False
511,current,2015-05-11,,,False,False
1029,canceled,2015-05-12,2015-07-04,53,False,True
399,current,2015-05-12,,,False,False
977,current,2015-05-12,,,False,False
556,current,2015-05-12,,,False,False
1265,current,2015-05-12,,,False,False
1265,canceled,2015-04-08,2015-04-14,6,False,True
252,current,2015-05-12,,,False,False
1213,canceled,2015-01-12,2015-01-12,0,False,True
991,canceled,2015-01-12,2015-01-18,6,False,True
733,canceled,2015-01-12,2015-01-12,0,False,True
1240,canceled,2015-01-12,2015-01-19,7,False,True
1195,canceled,2015-01-13,2015-01-16,3,False,True
945,canceled,2015-01-13,2015-01-17,4,False,True
100,current,2015-02-05,,,False,False
313,current,2015-02-05,,,False,False
465,canceled,2015-02-05,2015-08-12,188,False,True
615,current,2015-03-05,,,False,False
372,current,2015-03-06,,,False,False
614,current,2015-03-06,,,False,False
1045,canceled,2015-03-06,2015-03-12,6,False,True
208,canceled,2015-03-08,2015-06-15,99,False,True
944,canceled,2015-03-10,2015-03-12,2,False,True
652,current,2015-03-10,,,False,False
1168,canceled,2015-03-10,2015-03-16,6,False,True
1260,canceled,2015-03-11,2015-05-18,68,False,True
1194,canceled,2015-03-11,2015-07-08,119,False,True
361,canceled,2015-05-13,2015-06-20,38,False,True
1185,current,2015-05-13,,,False,False
490,current,2015-05-13,,,False,False
365,current,2015-05-13,,,False,False
1237,canceled,2015-05-28,2015-05-28,0,False,True
220,current,2015-05-29,,,False,False
220,canceled,2015-04-07,2015-05-29,52,False,True
124,current,2015-05-31,,,False,False
1069,canceled,2015-06-01,2015-06-01,0,True,True
814,canceled,2015-06-02,2015-06-07,5,False,True
496,current,2015-06-03,,,False,False
405,current,2015-06-04,,,False,False
405,canceled,2015-06-03,2015-06-04,1,False,True
452,current,2015-06-04,,,False,False
318,current,2015-06-05,,,False,False
266,current,2015-06-06,,,False,False
219,current,2015-06-06,,,False,False
83,current,2015-06-06,,,False,False
1266,canceled,2015-06-07,2015-06-16,9,False,True
121,current,2015-06-07,,,False,False
679,canceled,2015-06-08,2015-06-13,5,False,True
459,current,2015-06-08,,,False,False
735,canceled,2015-06-08,2015-06-09,1,False,True
735,canceled,2015-04-14,2015-05-21,37,False,True
1032,current,2015-06-08,,,False,False
1093,canceled,2015-06-08,2015-06-11,3,False,True
128,current,2015-06-08,,,False,False
978,canceled,2015-06-09,2015-06-14,5,False,True
1031,current,2015-06-09,,,False,False
673,current,2015-06-01,,,False,False
663,canceled,2015-06-02,2015-06-09,7,False,True
663,canceled,2015-06-09,2015-06-15,6,False,True
843,current,2015-06-02,,,False,False
216,current,2015-06-02,,,False,False
731,canceled,2015-06-03,2015-06-07,4,False,True
554,current,2015-06-07,,,False,False
1183,canceled,2015-06-08,2015-06-30,22,False,True
1183,canceled,2015-07-17,2015-08-08,22,False,True
1183,canceled,2015-05-11,2015-06-02,22,False,True
133,current,2015-06-08,,,False,False
887,current,2015-06-08,,,False,False
248,current,2015-06-09,,,False,False
629,current,2015-06-09,,,False,False
478,current,2015-06-09,,,False,False
804,canceled,2015-06-09,2015-07-16,37,False,True
721,canceled,2015-06-09,2015-06-16,7,False,True
721,canceled,2015-07-09,2015-07-15,6,False,True
1086,canceled,2015-06-09,2015-06-09,0,False,True
951,canceled,2015-07-08,2015-07-11,3,False,True
1096,canceled,2015-07-08,2015-07-15,7,False,True
1096,current,2015-07-15,,,False,False
163,current,2015-07-09,,,False,False
1169,canceled,2015-07-10,2015-07-17,7,False,True
1126,canceled,2015-07-10,2015-07-15,5,False,True
813,canceled,2015-07-11,2015-07-17,6,False,True
1208,canceled,2015-02-05,2015-03-13,36,False,True
1207,canceled,2015-02-06,2015-02-28,22,False,True
602,canceled,2015-02-06,2015-08-13,188,False,True
1153,canceled,2015-02-06,2015-03-13,35,False,True
605,current,2015-02-06,,,False,False
1210,canceled,2015-02-07,2015-03-14,35,False,True
916,canceled,2015-02-08,2015-04-15,66,False,True
381,current,2015-02-09,,,False,False
666,canceled,2015-02-09,2015-04-16,66,False,True
26,current,2015-02-11,,,False,False
508,current,2015-03-04,,,False,False
509,current,2015-03-05,,,False,False
753,canceled,2015-03-05,2015-04-12,38,False,True
1190,canceled,2015-03-06,2015-03-06,0,False,True
141,canceled,2015-03-07,2015-05-14,68,False,True
432,current,2015-03-09,,,False,False
375,current,2015-03-09,,,False,False
183,current,2015-04-01,,,False,False
400,current,2015-04-01,,,False,False
585,current,2015-04-01,,,False,False
13,current,2015-04-01,,,False,False
205,current,2015-04-01,,,False,False
914,canceled,2015-04-02,2015-04-02,0,False,True
914,canceled,2015-07-17,2015-07-17,0,False,True
593,current,2015-04-02,,,False,False
437,current,2015-04-02,,,False,False
468,current,2015-04-02,,,False,False
729,canceled,2015-04-03,2015-04-25,22,False,True
22,current,2015-04-03,,,False,False
449,current,2015-04-03,,,False,False
482,current,2015-04-03,,,False,False
349,current,2015-04-03,,,False,False
994,canceled,2015-04-05,2015-04-06,1,False,True
1089,canceled,2015-04-06,2015-05-13,37,False,True
651,canceled,2015-04-06,2015-06-13,68,False,True
1054,canceled,2015-04-07,2015-08-14,129,False,True
289,canceled,2015-04-07,2015-07-14,98,False,True
796,canceled,2015-04-07,2015-04-16,9,False,True
104,current,2015-04-10,,,False,False
286,current,2015-07-08,,,False,False
812,current,2015-07-09,,,False,False
462,current,2015-07-09,,,False,False
1001,current,2015-07-09,,,False,False
213,current,2015-07-14,,,False,False
359,current,2015-07-15,,,False,False
915,canceled,2015-07-16,2015-07-22,6,False,True
21,current,2015-07-17,,,False,False
633,current,2015-07-17,,,False,False
1279,canceled,2015-07-17,2015-07-22,5,False,True
1279,canceled,2015-07-17,2015-07-17,0,False,True
1179,canceled,2015-07-17,2015-07-22,5,False,True
1205,canceled,2015-07-17,2015-08-05,19,False,True
850,canceled,2015-07-18,2015-07-22,4,False,True
1256,canceled,2015-07-18,2015-07-24,6,False,True
1014,current,2015-07-18,,,False,False
1258,canceled,2015-07-15,2015-07-21,6,False,True
40,current,2015-07-15,,,False,False
1216,current,2015-07-16,,,False,False
1131,current,2015-07-16,,,False,False
1150,current,2015-07-16,,,False,False
403,current,2015-07-16,,,False,False
773,current,2015-07-17,,,False,False
968,canceled,2015-07-17,2015-07-17,0,False,True
662,canceled,2015-07-17,2015-07-21,4,False,True
1155,canceled,2015-07-17,2015-07-17,0,False,True
856,canceled,2015-07-18,2015-08-09,22,False,True
848,canceled,2015-08-11,2015-08-14,3,False,True
848,canceled,2015-03-06,2015-03-11,5,False,True
305,current,2015-03-10,,,False,False
768,canceled,2015-03-10,2015-03-11,1,False,True
485,current,2015-03-10,,,False,False
464,current,2015-04-01,,,False,False
340,current,2015-04-01,,,False,False
788,canceled,2015-04-01,2015-04-06,5,False,True
75,current,2015-04-01,,,False,False
786,canceled,2015-04-02,2015-05-09,37,False,True
1072,current,2015-04-02,,,False,False
588,current,2015-04-02,,,False,False
291,current,2015-04-02,,,False,False
1264,canceled,2015-04-02,2015-06-09,68,False,True
830,canceled,2015-04-03,2015-04-06,3,False,True
1088,canceled,2015-04-03,2015-04-25,22,False,True
723,canceled,2015-04-03,2015-04-06,3,False,True
536,current,2015-04-24,,,False,False
107,current,2015-04-24,,,False,False
353,current,2015-04-24,,,False,False
146,current,2015-04-24,,,False,False
466,current,2015-05-06,,,False,False
811,canceled,2015-05-06,2015-06-13,38,False,True
825,canceled,2015-05-06,2015-05-06,0,False,True
825,canceled,2015-05-09,2015-06-16,38,False,True
484,current,2015-05-07,,,False,False
1055,canceled,2015-05-08,2015-07-15,68,False,True
192,current,2015-05-09,,,False,False
766,canceled,2015-05-10,2015-05-10,0,False,True
398,current,2015-05-11,,,False,False
1215,canceled,2015-05-11,2015-07-18,68,False,True
20,current,2015-05-11,,,False,False
1030,canceled,2015-05-11,2015-07-18,68,False,True
955,canceled,2015-05-11,2015-08-18,99,False,True
995,canceled,2015-05-11,2015-05-18,7,False,True
200,current,2015-05-12,,,False,False
665,current,2015-05-12,,,False,False
815,canceled,2015-05-12,2015-05-18,6,False,True
1263,current,2015-08-16,,,False,False
1136,current,2015-08-18,,,False,False
1144,current,2015-08-18,,,False,False
142,current,2015-08-19,,,False,False
142,canceled,2015-01-12,2015-08-03,203,False,True
1228,current,2015-08-19,,,False,False
967,current,2015-08-21,,,False,False
754,current,2015-08-21,,,False,False
851,current,2015-08-22,,,False,False
990,current,2015-08-23,,,False,False
1039,canceled,2015-07-19,2015-07-19,0,False,True
1039,canceled,2015-08-12,2015-08-16,4,False,True
950,current,2015-07-19,,,False,False
1087,current,2015-07-20,,,False,False
1018,canceled,2015-07-20,2015-07-26,6,False,True
993,canceled,2015-08-11,2015-08-17,6,False,True
699,canceled,2015-08-11,2015-08-18,7,False,True
940,current,2015-08-13,,,False,False
940,canceled,2015-07-17,2015-07-23,6,False,True
1162,canceled,2015-08-14,2015-08-19,5,False,True
986,current,2015-08-15,,,False,False
784,current,2015-08-17,,,False,False
893,current,2015-08-18,,,False,False
840,current,2015-08-21,,,False,False
975,current,2015-08-23,,,False,False
1038,canceled,2015-04-04,2015-04-26,22,False,True
739,canceled,2015-04-05,2015-04-05,0,False,True
1046,canceled,2015-04-05,2015-04-07,2,False,True
1170,canceled,2015-04-05,2015-07-12,98,False,True
1268,canceled,2015-04-06,2015-05-28,52,False,True
706,canceled,2015-04-07,2015-07-14,98,False,True
1222,canceled,2015-04-07,2015-04-07,0,False,True
936,canceled,2015-04-07,2015-04-12,5,False,True
632,current,2015-04-07,,,False,False
606,canceled,2015-04-08,2015-06-15,68,False,True
117,current,2015-04-08,,,False,False
863,canceled,2015-04-10,2015-04-12,2,False,True
94,current,2015-04-24,,,False,False
299,current,2015-04-24,,,False,False
574,current,2015-04-24,,,False,False
212,current,2015-04-24,,,False,False
401,current,2015-04-24,,,False,False
387,current,2015-04-24,,,False,False
1113,current,2015-05-06,,,False,False
382,current,2015-05-06,,,False,False
8,current,2015-05-06,,,False,False
1,current,2015-05-06,,,False,False
184,current,2015-05-12,,,False,False
61,current,2015-05-12,,,False,False
669,canceled,2015-05-12,2015-07-19,68,False,True
596,current,2015-05-12,,,False,False
7,current,2015-05-12,,,False,False
41,current,2015-05-13,,,False,False
513,current,2015-05-28,,,False,False
545,current,2015-05-28,,,False,False
572,current,2015-05-28,,,False,False
199,current,2015-05-30,,,False,False
1125,canceled,2015-05-31,2015-05-31,0,False,True
569,canceled,2015-06-02,2015-08-09,68,False,True
14,current,2015-06-03,,,False,False
646,current,2015-06-04,,,False,False
708,canceled,2015-06-05,2015-06-05,0,False,True
708,canceled,2015-06-05,2015-06-10,5,False,True
6,current,2015-06-05,,,False,False
619,current,2015-06-06,,,False,False
912,canceled,2015-06-06,2015-08-13,68,False,True
456,current,2015-06-07,,,False,False
1025,canceled,2015-06-07,2015-06-07,0,False,True
80,current,2015-06-07,,,False,False
763,canceled,2015-06-08,2015-06-14,6,False,True
116,current,2015-05-06,,,False,False
89,current,2015-05-07,,,False,False
471,current,2015-05-07,,,False,False
1002,current,2015-05-07,,,False,False
154,current,2015-05-09,,,False,False
58,current,2015-05-09,,,False,False
406,current,2015-05-10,,,False,False
1062,canceled,2015-05-10,2015-06-17,38,False,True
1282,current,2015-05-10,,,False,False
162,current,2015-05-11,,,False,False
242,current,2015-05-11,,,False,False
235,current,2015-05-11,,,False,False
928,current,2015-05-11,,,False,False
1151,current,2015-05-11,,,False,False
249,current,2015-05-12,,,False,False
621,current,2015-05-12,,,False,False
656,current,2015-05-12,,,False,False
497,current,2015-05-12,,,False,False
73,current,2015-05-28,,,False,False
1184,canceled,2015-05-29,2015-06-04,6,False,True
290,current,2015-05-30,,,False,False
1290,current,2015-06-02,,,False,False
294,current,2015-06-04,,,False,False
826,canceled,2015-06-05,2015-06-09,4,False,True
750,canceled,2015-06-06,2015-06-06,0,False,True
573,current,2015-06-07,,,False,False
1081,current,2015-06-08,,,False,False
956,canceled,2015-06-08,2015-08-15,68,False,True
1172,canceled,2015-06-09,2015-06-10,1,False,True
1036,current,2015-06-09,,,False,False
1084,canceled,2015-07-08,2015-07-15,7,False,True
827,canceled,2015-07-08,2015-07-12,4,False,True
271,current,2015-07-08,,,False,False
317,current,2015-07-09,,,False,False
1257,current,2015-07-09,,,False,False
326,current,2015-07-09,,,False,False
783,canceled,2015-07-13,2015-07-19,6,False,True
748,current,2015-06-08,,,False,False
777,canceled,2015-06-08,2015-08-15,68,False,True
910,canceled,2015-06-08,2015-06-15,7,False,True
296,current,2015-06-08,,,False,False
628,current,2015-06-09,,,False,False
1262,current,2015-06-09,,,False,False
531,current,2015-07-08,,,False,False
947,canceled,2015-07-08,2015-07-13,5,False,True
1209,current,2015-07-09,,,False,False
498,current,2015-07-09,,,False,False
1197,canceled,2015-07-09,2015-07-11,2,False,True
430,current,2015-07-10,,,False,False
694,current,2015-07-10,,,False,False
238,current,2015-07-13,,,False,False
48,current,2015-07-16,,,False,False
47,current,2015-07-16,,,False,False
29,current,2015-07-16,,,False,False
885,current,2015-07-16,,,False,False
164,current,2015-07-16,,,False,False
1080,current,2015-07-17,,,False,False
402,canceled,2015-01-12,2015-03-10,57,False,True
402,current,2015-03-10,,,False,False
15,canceled,2015-01-12,2015-01-17,5,False,True
15,canceled,2015-03-04,2015-08-11,160,False,True
87,current,2015-01-12,,,False,False
724,canceled,2015-01-12,2015-01-18,6,False,True
134,canceled,2015-02-05,2015-06-12,127,False,True
1033,canceled,2015-02-06,2015-08-13,188,False,True
782,current,2015-07-17,,,False,False
979,current,2015-07-17,,,False,False
849,canceled,2015-07-17,2015-07-19,2,False,True
898,canceled,2015-07-18,2015-07-24,6,False,True
1302,current,2015-07-18,,,False,False
879,canceled,2015-07-18,2015-07-24,6,False,True
687,current,2015-07-20,,,False,False
924,current,2015-08-11,,,False,False
946,current,2015-08-11,,,False,False
889,canceled,2015-08-11,2015-08-11,0,False,True
805,current,2015-08-11,,,False,False
552,current,2015-08-14,,,False,False
1028,current,2015-08-21,,,False,False
1034,canceled,2015-07-15,2015-07-20,5,False,True
1159,canceled,2015-07-16,2015-07-21,5,False,True
1003,canceled,2015-07-16,2015-07-20,4,False,True
122,current,2015-07-17,,,False,False
39,current,2015-07-17,,,False,False
775,canceled,2015-07-17,2015-07-24,7,False,True
393,current,2015-07-18,,,False,False
1147,current,2015-07-19,,,False,False
325,current,2015-07-19,,,False,False
883,current,2015-07-19,,,False,False
1224,current,2015-07-20,,,False,False
332,current,2015-08-11,,,False,False
443,current,2014-11-10,,,False,False
309,current,2014-11-10,,,False,False
512,canceled,2014-11-10,2015-03-17,127,False,True
821,canceled,2014-11-10,2014-11-16,6,False,True
230,current,2014-11-10,,,False,False
301,current,2014-11-10,,,False,False
760,canceled,2014-11-10,2014-11-13,3,False,True
506,current,2014-11-10,,,False,False
1243,canceled,2014-11-10,2014-11-18,8,False,True
737,canceled,2014-11-10,2014-11-10,0,False,True
1220,canceled,2014-11-10,2014-12-17,37,False,True
878,canceled,2014-11-10,2014-11-10,0,False,True
1288,canceled,2014-11-10,2014-11-15,5,False,True
755,current,2014-11-10,,,False,False
85,canceled,2014-11-11,2015-03-27,136,False,True
160,canceled,2014-11-11,2015-02-18,99,False,True
1050,current,2015-08-11,,,False,False
998,canceled,2015-08-11,2015-08-18,7,False,True
834,current,2015-08-13,,,False,False
742,current,2015-08-14,,,False,False
981,canceled,2015-02-07,2015-02-07,0,False,True
535,current,2015-02-08,,,False,False
636,canceled,2015-02-09,2015-02-10,1,False,True
636,canceled,2015-03-05,2015-08-12,160,False,True
423,canceled,2015-02-09,2015-04-08,58,False,True
423,current,2015-04-08,,,False,False
1112,canceled,2015-02-10,2015-02-13,3,False,True
190,canceled,2015-02-11,2015-04-08,56,False,True
190,current,2015-04-08,,,False,False
1078,canceled,2015-02-11,2015-02-17,6,False,True
692,canceled,2015-02-11,2015-02-24,13,False,True
1101,current,2015-02-25,,,True,False
904,canceled,2015-03-05,2015-03-10,5,False,True
259,canceled,2015-03-05,2015-03-12,7,False,True
259,canceled,2015-04-07,2015-07-14,98,False,True
653,canceled,2015-03-05,2015-03-05,0,False,True
653,current,2015-07-08,,,False,False
1177,canceled,2015-03-06,2015-03-06,0,False,True
1177,current,2015-03-11,,,False,False
233,current,2015-03-06,,,False,False
351,current,2015-03-08,,,False,False
680,canceled,2015-03-09,2015-03-12,3,False,True
1148,canceled,2015-03-09,2015-03-09,0,False,True
854,current,2015-08-23,,,False,False
880,current,2015-08-23,,,False,False
839,canceled,2014-11-13,2015-01-15,63,False,True
1161,canceled,2014-11-13,2014-12-20,37,False,True
672,current,2014-11-14,,,False,False
282,current,2014-11-14,,,False,False
155,current,2014-11-14,,,False,False
949,canceled,2014-11-14,2014-11-20,6,False,True
257,current,2014-11-15,,,False,False
311,current,2014-11-16,,,False,False
188,current,2014-11-16,,,False,False
1146,canceled,2014-11-16,2014-12-23,37,False,True
65,canceled,2014-11-16,2015-02-23,99,False,True
787,canceled,2014-11-16,2014-12-23,37,False,True
941,canceled,2015-03-10,2015-04-01,22,False,True
457,current,2015-03-10,,,False,False
1119,canceled,2015-03-11,2015-03-15,4,False,True
1119,canceled,2015-08-16,2015-08-16,0,False,True
899,canceled,2015-03-11,2015-03-17,6,False,True
985,canceled,2015-03-11,2015-04-18,38,False,True
1186,canceled,2015-03-11,2015-03-11,0,False,True
333,current,2015-04-01,,,False,False
681,canceled,2015-04-01,2015-04-07,6,False,True
681,canceled,2015-06-09,2015-06-15,6,False,True
835,canceled,2014-12-03,2015-01-10,38,False,True
549,canceled,2014-12-03,2015-06-10,189,False,True
660,canceled,2014-12-03,2015-01-10,38,False,True
174,canceled,2014-12-03,2015-03-10,97,False,True
1261,canceled,2014-12-03,2014-12-08,5,False,True
514,canceled,2014-12-04,2015-06-11,189,False,True
1135,canceled,2014-12-04,2014-12-08,4,False,True
953,canceled,2014-12-05,2014-12-11,6,False,True
594,current,2014-12-05,,,False,False
137,current,2014-12-06,,,False,False
725,canceled,2014-12-06,2014-12-06,0,False,True
820,canceled,2014-12-06,2014-12-09,3,False,True
778,canceled,2014-12-07,2014-12-29,22,False,True
865,canceled,2014-12-07,2014-12-13,6,False,True
801,canceled,2014-12-08,2015-02-03,57,False,True
1077,canceled,2014-12-08,2015-01-30,53,False,True
808,canceled,2014-12-08,2014-12-30,22,False,True
241,current,2014-12-08,,,False,False
767,canceled,2014-12-08,2014-12-11,3,False,True
46,current,2014-12-08,,,False,False
917,canceled,2014-12-09,2014-12-14,5,False,True
933,canceled,2014-12-09,2014-12-14,5,False,True
1246,canceled,2014-12-09,2014-12-15,6,False,True
363,current,2015-04-02,,,False,False
269,current,2015-04-02,,,False,False
528,canceled,2015-04-03,2015-08-10,129,False,True
1145,canceled,2015-04-04,2015-04-04,0,False,True
658,canceled,2015-04-06,2015-04-08,2,False,True
658,canceled,2015-04-10,2015-04-10,0,False,True
1158,canceled,2015-04-07,2015-04-09,2,False,True
600,current,2015-04-07,,,False,False
1115,canceled,2015-04-08,2015-05-15,37,False,True
957,canceled,2015-04-08,2015-04-14,6,False,True
920,current,2015-04-12,,,False,False
447,canceled,2015-04-24,2015-06-04,41,False,True
370,current,2015-04-24,,,False,False
84,current,2015-05-06,,,False,False
255,current,2015-05-06,,,False,False
987,canceled,2014-12-09,2014-12-11,2,False,True
472,current,2015-01-07,,,False,False
802,canceled,2015-01-08,2015-01-08,0,False,True
664,canceled,2015-01-08,2015-01-08,0,False,True
272,canceled,2015-01-08,2015-05-15,127,False,True
32,current,2015-01-08,,,False,False
115,current,2015-01-11,,,False,False
997,canceled,2015-01-12,2015-01-12,0,False,True
434,canceled,2015-01-12,2015-06-03,142,False,True
1061,canceled,2015-01-12,2015-01-14,2,False,True
532,canceled,2015-01-12,2015-06-19,158,False,True
847,canceled,2015-01-12,2015-01-19,7,False,True
937,canceled,2015-05-06,2015-06-13,38,False,True
927,canceled,2015-05-06,2015-05-13,7,False,True
927,canceled,2015-05-13,2015-07-20,68,False,True
1022,canceled,2015-05-07,2015-06-14,38,False,True
1022,current,2015-08-20,,,False,False
320,current,2015-05-07,,,False,False
635,current,2015-05-07,,,False,False
182,current,2015-05-08,,,False,False
298,current,2015-05-08,,,False,False
385,current,2015-05-08,,,False,False
175,current,2015-05-09,,,False,False
942,canceled,2015-05-10,2015-05-15,5,False,True
120,current,2015-05-11,,,False,False
314,current,2015-05-11,,,False,False
331,current,2015-05-11,,,False,False
303,current,2015-05-11,,,False,False
533,current,2015-05-11,,,False,False
1026,canceled,2015-05-11,2015-05-12,1,False,True
17,current,2015-05-11,,,False,False
129,current,2015-05-11,,,False,False
189,current,2015-05-12,,,False,False
772,canceled,2015-05-12,2015-05-19,7,False,True
870,canceled,2015-05-12,2015-05-12,0,False,True
4,current,2015-05-12,,,False,False
454,current,2015-05-12,,,False,False
715,current,2015-05-12,,,False,False
410,canceled,2015-05-12,2015-08-19,99,False,True
1007,canceled,2015-05-12,2015-06-19,38,False,True
1007,canceled,2015-07-18,2015-07-23,5,False,True
758,canceled,2015-05-12,2015-05-17,5,False,True
16,current,2015-05-13,,,False,False
1165,canceled,2015-01-12,2015-01-13,1,False,True
297,current,2015-01-12,,,False,False
373,current,2015-01-12,,,False,False
1284,canceled,2015-01-13,2015-01-13,0,False,True
510,current,2015-02-05,,,False,False
645,canceled,2015-02-09,2015-05-16,96,False,True
1079,canceled,2015-02-09,2015-02-09,0,False,True
1281,canceled,2015-02-09,2015-02-12,3,False,True
36,current,2015-05-13,,,False,False
1068,canceled,2015-05-28,2015-05-29,1,False,True
616,current,2015-05-28,,,False,False
55,current,2015-05-29,,,False,False
538,current,2015-06-02,,,False,False
503,current,2015-06-03,,,False,False
196,current,2015-06-03,,,False,False
1217,canceled,2015-06-06,2015-07-28,52,False,True
1217,current,2015-08-13,,,False,False
1106,canceled,2015-06-07,2015-06-13,6,False,True
762,canceled,2015-06-08,2015-07-15,37,False,True
565,current,2015-06-08,,,False,False
897,canceled,2015-06-08,2015-07-15,37,False,True
518,current,2015-06-08,,,False,False
961,canceled,2015-06-08,2015-06-11,3,False,True
384,current,2015-06-08,,,False,False
1075,canceled,2015-06-09,2015-08-16,68,False,True
888,current,2015-06-09,,,False,False
1227,current,2015-06-09,,,False,False
176,current,2015-07-08,,,False,False
1133,canceled,2015-07-09,2015-07-15,6,False,True
1231,current,2015-07-09,,,False,False
1005,canceled,2015-07-09,2015-07-11,2,False,True
999,canceled,2015-02-10,2015-02-13,3,False,True
391,current,2015-02-10,,,False,False
1188,canceled,2015-02-10,2015-03-17,35,False,True
1200,canceled,2015-03-04,2015-04-11,38,False,True
1196,canceled,2015-03-04,2015-03-11,7,False,True
113,canceled,2015-03-04,2015-07-11,129,False,True
409,current,2015-03-06,,,False,False
1082,canceled,2015-03-06,2015-04-13,38,False,True
872,current,2015-03-06,,,False,False
860,canceled,2015-03-07,2015-03-11,4,False,True
828,canceled,2015-03-09,2015-04-16,38,False,True
795,canceled,2015-03-09,2015-03-13,4,False,True
1100,canceled,2015-03-10,2015-03-16,6,False,True
172,current,2015-03-10,,,False,False
809,canceled,2015-03-10,2015-03-14,4,False,True
1276,current,2015-03-10,,,False,False
542,current,2015-07-10,,,False,False
1063,canceled,2015-07-14,2015-07-14,0,False,True
701,canceled,2015-07-16,2015-07-20,4,False,True
526,current,2015-07-16,,,False,False
1255,canceled,2015-07-17,2015-07-23,6,False,True
355,current,2015-07-17,,,False,False
901,current,2015-07-17,,,False,False
1023,canceled,2015-07-17,2015-07-20,3,False,True
764,current,2015-07-17,,,False,False
210,current,2015-03-11,,,False,False
1048,current,2015-03-11,,,False,False
543,current,2015-04-01,,,False,False
1149,current,2015-04-01,,,False,False
1175,canceled,2015-04-02,2015-06-09,68,False,True
781,current,2015-04-02,,,False,False
425,current,2015-04-05,,,False,False
118,current,2015-04-06,,,False,False
310,current,2015-04-06,,,False,False
19,canceled,2015-04-06,2015-07-13,98,False,True
1070,current,2015-07-19,,,False,False
798,current,2015-07-19,,,False,False
1270,canceled,2015-07-20,2015-07-20,0,False,True
548,current,2015-07-20,,,False,False
1143,current,2015-08-11,,,False,False
931,current,2015-08-11,,,False,False
1056,current,2015-08-12,,,False,False
1235,current,2015-08-12,,,False,False
417,current,2015-08-12,,,False,False
794,current,2015-08-13,,,False,False
921,canceled,2015-08-17,2015-08-21,4,False,True
816,current,2015-08-20,,,False,False
1269,current,2015-08-21,,,False,False
1067,current,2015-08-22,,,False,False
1157,current,2015-08-22,,,False,False
980,canceled,2015-04-08,2015-04-14,6,False,True
726,canceled,2015-04-08,2015-05-15,37,False,True
177,current,2015-04-10,,,False,False
797,current,2015-04-24,,,False,False
49,current,2015-04-24,,,False,False
376,current,2015-05-05,,,False,False
1004,canceled,2015-05-06,2015-05-08,2,False,True
1024,canceled,2015-05-06,2015-05-11,5,False,True
228,current,2015-05-07,,,False,False
173,current,2015-05-07,,,False,False
422,current,2015-05-08,,,False,False
236,current,2015-05-10,,,False,False
779,canceled,2015-05-10,2015-06-18,39,False,True
881,canceled,2015-05-11,2015-05-14,3,False,True
1182,current,2015-05-11,,,False,False
287,current,2015-05-11,,,False,False
648,current,2015-05-11,,,False,False
1249,canceled,2015-05-11,2015-07-18,68,False,True
519,current,2015-05-11,,,False,False
1099,canceled,2015-05-11,2015-07-18,68,False,True
566,current,2015-05-12,,,False,False
846,canceled,2015-05-12,2015-06-19,38,False,True
1052,canceled,2015-05-12,2015-07-19,68,False,True
1059,canceled,2015-05-12,2015-05-18,6,False,True
661,canceled,2015-05-12,2015-06-19,38,False,True
852,current,2015-05-12,,,False,False
491,current,2015-05-12,,,False,False
445,current,2015-05-13,,,False,False
644,current,2015-05-13,,,False,False
68,current,2015-05-13,,,False,False
489,current,2015-06-01,,,False,False
911,canceled,2015-06-01,2015-06-03,2,False,True
1291,canceled,2015-06-03,2015-06-03,0,False,True
1206,current,2015-06-03,,,False,False
414,current,2015-06-07,,,False,False
226,current,2015-06-08,,,False,False
2,current,2015-06-08,,,False,False
1241,canceled,2015-06-09,2015-06-09,0,False,True
1187,canceled,2015-06-09,2015-06-15,6,False,True
1274,current,2015-07-08,,,False,False
218,current,2015-07-08,,,False,False
324,current,2015-07-09,,,False,False
891,canceled,2015-07-09,2015-07-15,6,False,True
1000,current,2015-07-11,,,False,False
973,current,2015-07-13,,,False,False
806,current,2015-07-15,,,False,False
1178,canceled,2015-07-16,2015-08-07,22,False,True
832,current,2015-07-16,,,False,False
1232,canceled,2015-07-16,2015-07-17,1,False,True
1057,canceled,2015-07-17,2015-07-21,4,False,True
689,current,2015-07-17,,,False,False
1278,current,2015-07-17,,,False,False
1272,canceled,2015-07-17,2015-07-23,6,False,True
438,current,2015-07-17,,,False,False
992,current,2015-07-17,,,False,False
575,current,2015-07-17,,,False,False
807,canceled,2015-07-20,2015-07-22,2,False,True
1298,current,2015-08-11,,,False,False
751,current,2015-08-11,,,False,False
1176,current,2015-08-12,,,False,False
1110,current,2015-08-13,,,False,False
1116,canceled,2015-08-15,2015-08-18,3,False,True
874,current,2015-08-22,,,False,False
686,current,2015-08-23,,,False,False
